{"velocity": [[[0, 0.6377363037030673, 1], [0.7966060820757026, 0, 2]], [[0, 1.678831364235351, 1], [0.8062257748298549, 0, 2]], [[0, -0.8663022625526787, 1], [0.8139410298049853, 0, 2]], [[0, -1.3756378996782264, 1], [0.5385164807134505, 0, 2]], [[0, -0.3805063771123652, 1], [0.8499999999999999, 0, 2]], [[0, 0.5880026035475674, 1], [0.7211102550927979, 0, 2]]], "delta_time": 1, "init_pose": [0.8649999999999998, -0.8900000000000012, 17.525568373722862]}